usuarioId,servicio,fechaHora,notas
19,Corte de Cabello,2026-10-19T13:00:00.000Z,Reserva JMeter 01
19,Corte de Cabello,2026-10-19T14:00:00.000Z,Reserva JMeter 02
19,Corte de Cabello,2026-10-19T15:00:00.000Z,Reserva JMeter 03
19,Corte de Cabello,2026-10-19T16:00:00.000Z,Reserva JMeter 04
19,Corte de Cabello,2026-10-19T17:00:00.000Z,Reserva JMeter 05
19,Corte de Cabello,2026-10-20T13:00:00.000Z,Reserva JMeter 06
19,Corte de Cabello,2026-10-20T14:00:00.000Z,Reserva JMeter 07
19,Corte de Cabello,2026-10-20T15:00:00.000Z,Reserva JMeter 08
19,Corte de Cabello,2026-10-20T16:00:00.000Z,Reserva JMeter 09
19,Corte de Cabello,2026-10-20T17:00:00.000Z,Reserva JMeter 10
19,Corte de Cabello,2026-10-21T13:00:00.000Z,Reserva JMeter 11
19,Corte de Cabello,2026-10-21T14:00:00.000Z,Reserva JMeter 12
19,Corte de Cabello,2026-10-21T15:00:00.000Z,Reserva JMeter 13
19,Corte de Cabello,2026-10-21T16:00:00.000Z,Reserva JMeter 14
19,Corte de Cabello,2026-10-21T17:00:00.000Z,Reserva JMeter 15
19,Corte de Cabello,2026-10-22T13:00:00.000Z,Reserva JMeter 16
19,Corte de Cabello,2026-10-22T14:00:00.000Z,Reserva JMeter 17
19,Corte de Cabello,2026-10-22T15:00:00.000Z,Reserva JMeter 18
19,Corte de Cabello,2026-10-22T16:00:00.000Z,Reserva JMeter 19
19,Corte de Cabello,2026-10-22T17:00:00.000Z,Reserva JMeter 20